<?xml version="1.0" encoding="utf-8"?> 
<extension version="1.6.0" type="plugin" group="fieldsattachment" method="upgrade">
	<name>Fieldsattach - fieldsattachements image</name>
	<author>Cristian Grañó Reder</author>
	<creationDate>04-12-2011</creationDate>
	<copyright>Copyright (C) 2005 - 2011 Open Source Cristian Grañó. All rights reserved.</copyright>
	<license>http://www.gnu.org/licenses/gpl-2.0.html GNU/GPL</license>
	<authorEmail>cristiangrano@hotmail.com	</authorEmail>
	<authorUrl>www.percha.com</authorUrl>
	<version>1.9</version>
	<description>Image Field</description>
	<files>
		<filename plugin="image">image.php</filename> 
		<filename>js/controler.js</filename>
                <filename>js/image.js.php</filename>
		<filename>form.xml</filename> 
                <filename>image.css</filename> 
                <folder>tmpl</folder>
                <folder>img</folder>
	</files>
         <languages>
		<language tag="en-GB">en-GB.plg_fieldsattachment_image.ini</language>
		<language tag="en-GB">en-GB.plg_fieldsattachment_image.sys.ini</language>
	</languages> 
</extension>
