<?xml version="1.0" encoding="utf-8"?> 
<extension version="1.6.0" type="plugin" group="fieldsattachment" method="upgrade">
	<name>Fieldsattach - fieldsattachements file</name>
	<author>Cristian Grañó Reder</author>
	<creationDate>04-12-2011</creationDate>
	<copyright>Copyright (C) 2005 - 2011 Open Source Cristian Grañó. All rights reserved.</copyright>
	<license>http://www.gnu.org/licenses/gpl-2.0.html GNU/GPL</license>
	<authorEmail>cristiangrano@hotmail.com	</authorEmail>
	<authorUrl>www.percha.com</authorUrl>
	<version>2.3</version>
	<description>File Field</description>
	<files>
		<filename plugin="file">file.php</filename> 
		<filename>js/controler.js</filename>
                <filename>js/file.js.php</filename>
		<filename>form.xml</filename> 
        <filename>file.css</filename>
        <folder>tmpl</folder>
	</files>
         <languages>
		<language tag="en-GB">en-GB.plg_fieldsattachment_file.ini</language>
		<language tag="en-GB">en-GB.plg_fieldsattachment_file.sys.ini</language>
	</languages> 
</extension>
