<?xml version="1.0" encoding="utf-8"?> 
<extension version="1.6.0" type="plugin"  method="upgrade" group="content">
	<name>Content - Fieldsattach content</name>
	<author>Cristian Grañó Reder</author>
	<creationDate>December 2, 2011</creationDate>
	<copyright>(C) 2010 Cristian Grañó Reder. All rights reserved.</copyright>
	<license>http://www.gnu.org/licenses/gpl-2.0.html GNU/GPL</license>
	<authorEmail>cristian@percha.com</authorEmail>
	<authorUrl>http://www.percha.com</authorUrl>
	<version>1.5</version>
	<description>PERCHA field ATTACHMENT PLUGIN INSTALLED</description> 
	<files>
		<filename plugin="fieldsattachment">fieldsattachment.php</filename>
	</files>
	<field name="word" type="text" default="contact" label="WORD" description="WORD_DESC" /> 
		 <field name="jsform" type="radio" default="1" label="JSFORM" description="JSFORM_DESC" > 
		 <option value="0">JNO</option> 
		 <option value="1">JYES</option> 
	 </field>
</extension>
